{
    "metadata":{
        "version":3,
        "faces":15,
        "normals":15,
        "uvs":0,
        "generator":"io_three",
        "vertices":14,
        "type":"Geometry"
    },
    "faces":[32,2,1,3,0,0,0,33,6,5,4,3,1,1,1,1,32,8,9,0,2,2,2,33,12,9,10,11,3,3,3,3,32,6,3,7,4,4,4,32,3,1,7,5,5,5,32,12,13,9,6,6,6,32,9,13,0,7,7,7,33,6,7,13,12,8,8,8,8,33,4,5,11,10,9,9,9,9,33,2,3,9,8,10,10,10,10,33,0,13,7,1,11,11,11,11,33,5,6,12,11,12,12,12,12,33,3,4,10,9,13,13,13,13,33,8,0,1,2,14,14,14,14],
    "normals":[-0.006892,-0.999943,-0.008169,-0.006892,-0.999943,-0.008169,0.006892,0.999943,0.008169,0.006892,0.999943,0.008169,-0.006892,-0.999943,-0.008169,-0.006892,-0.999943,-0.008169,0.006892,0.999943,0.008169,0.006892,0.999943,0.008169,0.008525,-0.008227,0.99993,-0.999962,0.006934,-0.005179,-0.999968,0.006859,0.00408,0.999975,-0.006878,-0.001733,-0.009865,-0.0081,0.999919,0.000648,0.008164,-0.999967,0.005235,0.008133,-0.999953],
    "name":"CubeGeometry.8",
    "vertices":[-4.03916,-3.55537,3.77389,-3.99105,3.42485,3.83091,-0.041638,3.39746,3.85137,-0.057604,3.42998,-0.116564,3.94701,3.40236,-0.114194,3.96807,3.43508,-4.13704,0.000389,3.46274,-4.17596,-4.00442,3.49007,-4.14159,-0.089748,-3.58276,3.79435,-0.105713,-3.55023,-0.173586,3.8989,-3.57785,-0.171215,3.91996,-3.54514,-4.19407,-0.047721,-3.51747,-4.23298,-4.05253,-3.49015,-4.19862],
    "uvs":[]
}