{
    "metadata":{
        "version":3,
        "uvs":0,
        "normals":40,
        "type":"Geometry",
        "vertices":32,
        "faces":40,
        "generator":"io_three"
    },
    "name":"CubeGeometry.1",
    "normals":[0.999877,0.000909,0.015683,0.999877,0.000909,0.015683,0.999877,0.000909,0.015683,0.999877,0.000909,0.015683,0.999877,0.000909,0.015683,0.999877,0.000909,0.015683,0.999877,0.000909,0.015683,0.999876,0.000909,0.015683,0.999877,0.000909,0.015683,0.999877,0.000909,0.015683,0.999877,0.000909,0.015683,0.999876,0.000909,0.015683,-0.999877,-0.000909,-0.015683,-0.999877,-0.000909,-0.015683,-0.999877,-0.000909,-0.015683,-0.999877,-0.000909,-0.015683,-0.999877,-0.000909,-0.015683,-0.999877,-0.000897,-0.015683,-0.999877,-0.000909,-0.015683,-0.999877,-0.000909,-0.015683,-0.999877,-0.000909,-0.015683,-0.999877,-0.000909,-0.015683,-0.999877,-0.000909,-0.015683,-0.999876,-0.000909,-0.015683,0.000986,-0.999987,-0.004914,0.000988,-0.999987,-0.005056,0.000987,-0.999987,-0.004985,-0.000969,0.999992,0.003816,-0.000993,0.999985,0.005373,-0.001001,0.999982,0.005889,0.009518,-0.829283,-0.558748,-0.008042,-0.827986,0.560692,0.015434,-0.24298,-0.969908,-0.014916,-0.258383,0.965927,0.015656,0.024242,-0.999584,-0.015653,-0.027152,0.999509,0.00613,0.896617,-0.442764,-0.007896,0.892145,0.451681,0.015678,0.005412,-0.999862,-0.015679,-0.004588,0.999866],
    "vertices":[-1.24539,-4.02993,-0.633079,-1.20898,-4.01742,-2.9549,-1.22372,-3.40528,-2.05115,-1.22566,-3.02457,-1.94934,-1.22702,-2.00758,-1.92173,-1.19663,-0.996783,-3.9177,-1.19761,0.003492,-3.91313,-1.24466,-0.011726,-0.912601,-1.27112,-4.03962,1.00764,-1.3031,-4.04744,3.04718,-1.28957,-3.44224,2.14919,-1.28843,-3.06586,2.05492,-1.28977,-2.0276,2.08008,-1.32213,-1.03681,4.08603,-1.32313,-0.036535,4.09143,-1.27608,-0.021744,1.09089,1.64742,-4.02731,-0.587705,1.68383,-4.01479,-2.90953,1.6691,-3.40265,-2.00577,1.66715,-3.02194,-1.90397,1.6658,-2.00495,-1.87636,1.69618,-0.994153,-3.87233,1.6952,0.006121,-3.86776,1.64815,-0.009096,-0.867227,1.6217,-4.03699,1.05301,1.58971,-4.04481,3.09256,1.60325,-3.43961,2.19457,1.60438,-3.06323,2.10029,1.60305,-2.02497,2.12545,1.57068,-1.03418,4.1314,1.56969,-0.033906,4.1368,1.61674,-0.019114,1.13627],
    "faces":[32,5,6,7,0,0,0,32,15,14,13,1,1,1,32,5,7,15,2,2,2,32,15,13,5,3,3,3,32,0,1,2,4,4,4,32,2,3,11,5,5,5,32,10,9,8,6,6,6,32,2,11,10,7,7,7,32,8,0,2,8,8,8,32,2,10,8,9,9,9,33,11,3,4,12,10,10,10,10,33,5,13,12,4,11,11,11,11,32,23,22,21,12,12,12,32,21,29,30,13,13,13,32,31,23,21,14,14,14,32,21,30,31,15,15,15,32,18,17,16,16,16,16,32,16,24,25,17,17,17,32,26,27,19,18,18,18,32,16,25,26,19,19,19,32,19,18,16,20,20,20,32,16,26,19,21,21,21,33,27,28,20,19,22,22,22,22,33,21,20,28,29,23,23,23,23,33,14,15,31,30,24,24,24,24,33,7,6,22,23,25,25,25,25,33,15,7,23,31,26,26,26,26,33,8,9,25,24,27,27,27,27,33,1,0,16,17,28,28,28,28,33,0,8,24,16,29,29,29,29,33,9,10,26,25,30,30,30,30,33,2,1,17,18,31,31,31,31,33,10,11,27,26,32,32,32,32,33,3,2,18,19,33,33,33,33,33,11,12,28,27,34,34,34,34,33,4,3,19,20,35,35,35,35,33,12,13,29,28,36,36,36,36,33,5,4,20,21,37,37,37,37,33,13,14,30,29,38,38,38,38,33,6,5,21,22,39,39,39,39],
    "uvs":[]
}