{
    "metadata":{
        "version":3,
        "uvs":0,
        "normals":6,
        "type":"Geometry",
        "vertices":8,
        "faces":6,
        "generator":"io_three"
    },
    "name":"CubeGeometry.14",
    "normals":[0.000942,-0.009562,0.999954,0.999963,0.004342,-0.007407,0.001811,0.009573,-0.999952,-0.004271,0.999945,0.009566,0.004271,-0.999945,-0.009566,-0.999987,-0.004297,0.002715],
    "vertices":[20,2,-2,20,2,2,0,2,2,0,2,-2,0,-2,-2,0,-2,2,20,-2,2,20,-2,-2],
    "faces":[33,5,6,1,2,0,0,0,0,33,0,1,6,7,1,1,1,1,33,3,0,7,4,2,2,2,2,33,1,0,3,2,3,3,3,3,33,4,7,6,5,4,4,4,4,33,4,5,2,3,5,5,5,5],
    "uvs":[]
}